<?xml version="1.0"?>

<config xmlns:xsi="http://www.w3.org/2001/XMLSchema-instance" xsi:noNamespaceSchemaLocation="urn:magento:framework:ObjectManager/etc/config.xsd">
    <type name="Magento\Framework\View\Element\UiComponent\DataProvider\CollectionFactory">
        <arguments>
            <argument name="collections" xsi:type="array">
                <item name="sociallogin_grid_data_source" xsi:type="string">Unilever\SocialLogin\Model\ResourceModel\SocialLogin\Grid\Collection</item>
            </argument>
        </arguments>
    </type>
    <type name="Unilever\SocialLogin\Model\ResourceModel\SocialLogin\Collection">
        <arguments>
            <argument name="mainTable" xsi:type="string">unilever_sociallogin</argument>
            <argument name="eventPrefix" xsi:type="string">social_login_grid_collection</argument>
            <argument name="eventObject" xsi:type="string">social_login_grid_collection</argument>
            <argument name="resourceModel" xsi:type="string">Unilever\SocialLogin\Model\ResourceModel\SocialLogin</argument>
        </arguments>
    </type>
</config>
